Var1,AllHippoSupInfIndex,AllHippoLatVenIndex,AllHippoHBTIndex,AllHippoLamellaIndex,AllHippoAtlasIndex,AllHippoLamellaAtlasIndex,AllHippoHBTAtlasIndex,AllHippoLamellaSupInfLatVenIndex,AllHippoHBTSupInfLatVenIndex,AllHippoLamellaAtlasIndex_1
1,1,2,3,5,10,1,18,2,10,1
2,1,2,3,5,10,1,18,2,10,1
3,1,2,3,5,10,1,18,2,10,1
4,1,2,3,5,10,1,18,2,10,1
5,1,2,3,5,10,1,18,2,10,1
6,1,2,3,5,10,1,18,2,10,1
7,1,2,3,5,10,1,18,2,10,1
8,1,2,3,5,10,1,18,2,10,1
9,1,2,3,5,10,1,18,2,10,1
10,1,2,3,5,10,1,18,2,10,1
11,1,2,3,5,10,1,18,2,10,1
12,1,2,3,5,10,1,18,2,10,1
13,1,2,3,5,10,1,18,2,10,1
14,1,2,3,5,10,1,18,2,10,1
15,1,2,3,5,10,1,18,2,10,1
16,1,2,3,5,10,1,18,2,10,1
17,1,2,3,5,10,1,18,2,10,1
18,1,2,3,5,10,1,18,2,10,1
19,1,2,3,5,10,1,18,2,10,1
20,1,2,3,5,10,1,18,2,10,1
21,1,2,3,5,10,1,18,2,10,1
22,1,2,3,5,10,1,18,2,10,1
23,1,2,3,5,10,1,18,2,10,1
24,1,2,3,5,10,1,18,2,10,1
25,1,2,3,5,10,1,18,2,10,1
26,1,2,3,5,10,1,18,2,10,1
27,1,2,3,5,10,1,18,2,10,1
28,1,2,3,5,10,1,18,2,10,1
29,1,2,3,5,10,1,18,2,10,1
30,1,2,3,5,10,1,18,2,10,1
31,1,2,3,5,10,1,18,2,10,1
32,1,2,3,5,10,1,18,2,10,1
33,1,2,3,5,10,1,18,2,10,1
34,1,2,3,5,10,1,18,2,10,1
35,1,2,3,5,10,1,18,2,10,1
36,1,2,3,5,10,1,18,2,10,1
37,1,2,3,5,10,1,18,2,10,1
38,1,2,3,5,10,1,18,2,10,1
39,1,2,3,5,10,1,18,2,10,1
40,1,2,3,5,10,1,18,2,10,1
41,1,2,3,5,10,1,18,2,10,1
42,1,2,3,5,10,1,18,2,10,1
43,1,2,3,5,10,1,18,2,10,1
44,1,2,3,5,10,1,18,2,10,1
45,1,2,3,5,10,1,18,2,10,1
46,1,2,3,6,10,2,18,6,10,2
47,1,2,3,6,10,2,18,6,10,2
48,1,2,3,6,10,2,18,6,10,2
49,1,2,3,6,10,2,18,6,10,2
50,1,2,3,6,10,2,18,6,10,2
51,1,2,3,7,10,5,18,10,10,5
52,1,2,3,7,10,5,18,10,10,5
53,1,2,3,7,10,5,18,10,10,5
54,1,2,3,7,10,5,18,10,10,5
55,1,2,3,7,10,5,18,10,10,5
56,1,2,3,8,10,8,18,14,10,8
57,1,2,3,8,10,8,18,14,10,8
58,1,2,3,8,10,8,18,14,10,8
59,1,2,3,8,10,8,18,14,10,8
60,1,2,3,8,10,8,18,14,10,8
61,1,2,2,9,10,12,15,18,6,12
62,1,2,2,9,10,12,15,18,6,12
63,1,2,2,9,10,12,15,18,6,12
64,1,2,2,9,10,12,15,18,6,12
65,1,2,2,9,10,12,15,18,6,12
66,1,2,3,6,10,2,18,6,10,2
67,1,2,3,6,10,2,18,6,10,2
68,1,2,3,6,10,2,18,6,10,2
69,1,2,3,6,10,2,18,6,10,2
70,1,2,3,7,10,5,18,10,10,5
71,1,2,3,7,10,5,18,10,10,5
72,1,2,3,7,10,5,18,10,10,5
73,1,2,3,7,10,5,18,10,10,5
74,1,2,3,8,10,8,18,14,10,8
75,1,2,3,8,10,8,18,14,10,8
76,1,2,3,8,10,8,18,14,10,8
77,1,2,3,8,10,8,18,14,10,8
78,1,2,2,9,10,12,15,18,6,12
79,1,2,2,9,10,12,15,18,6,12
80,1,2,2,9,10,12,15,18,6,12
81,1,2,2,9,10,12,15,18,6,12
82,1,2,2,10,9,17,14,22,6,17
83,1,2,2,10,10,18,15,22,6,18
84,1,2,2,10,10,18,15,22,6,18
85,1,2,2,10,10,18,15,22,6,18
86,1,2,2,10,10,18,15,22,6,18
87,1,2,2,11,9,24,14,26,6,24
88,1,2,2,11,9,24,14,26,6,24
89,1,2,2,11,9,24,14,26,6,24
90,1,2,2,11,9,24,14,26,6,24
91,1,2,2,11,9,24,14,26,6,24
92,1,2,2,12,9,31,14,30,6,31
93,1,2,2,12,9,31,14,30,6,31
94,1,2,2,12,9,31,14,30,6,31
95,1,2,2,12,9,31,14,30,6,31
96,1,2,2,12,9,31,14,30,6,31
97,1,2,2,13,9,38,14,34,6,38
98,1,2,2,13,9,38,14,34,6,38
99,1,2,2,13,9,38,14,34,6,38
100,1,2,2,13,9,38,14,34,6,38
101,1,2,2,13,9,38,14,34,6,38
102,1,2,2,10,10,18,15,22,6,18
103,1,2,2,10,10,18,15,22,6,18
104,1,2,2,10,10,18,15,22,6,18
105,1,2,2,10,10,18,15,22,6,18
106,1,2,2,11,10,25,15,26,6,25
107,1,2,2,11,1,19,9,26,6,19
108,1,2,2,11,10,25,15,26,6,25
109,1,2,2,11,1,19,9,26,6,19
110,1,2,2,12,1,26,9,30,6,26
111,1,2,2,12,1,26,9,30,6,26
112,1,2,2,12,1,26,9,30,6,26
113,1,2,2,12,1,26,9,30,6,26
114,1,2,2,13,1,33,9,34,6,33
115,1,2,2,13,1,33,9,34,6,33
116,1,2,2,13,1,33,9,34,6,33
117,1,2,2,13,1,33,9,34,6,33
118,1,2,2,14,9,44,14,38,6,44
119,1,2,2,14,9,44,14,38,6,44
120,1,2,2,14,9,44,14,38,6,44
121,1,2,2,14,9,44,14,38,6,44
122,1,2,2,14,9,44,14,38,6,44
123,1,2,2,15,9,50,14,42,6,50
124,1,2,2,15,9,50,14,42,6,50
125,1,2,2,15,9,50,14,42,6,50
126,1,2,2,15,9,50,14,42,6,50
127,1,2,2,15,9,50,14,42,6,50
128,1,2,2,16,8,53,13,46,6,53
129,1,2,2,16,9,54,14,46,6,54
130,1,2,2,16,9,54,14,46,6,54
131,1,2,2,16,9,54,14,46,6,54
132,1,2,2,16,9,54,14,46,6,54
133,1,2,2,17,8,58,13,50,6,58
134,1,2,2,17,8,58,13,50,6,58
135,1,2,2,17,9,59,14,50,6,59
136,1,2,2,17,9,59,14,50,6,59
137,1,2,2,17,9,59,14,50,6,59
138,1,2,2,14,1,39,9,38,6,39
139,1,2,2,14,1,39,9,38,6,39
140,1,2,2,14,1,39,9,38,6,39
141,1,2,2,14,1,39,9,38,6,39
142,1,2,2,15,1,45,9,42,6,45
143,1,2,2,15,1,45,9,42,6,45
144,1,2,2,15,1,45,9,42,6,45
145,1,2,2,15,1,45,9,42,6,45
146,1,2,2,16,9,54,14,46,6,54
147,1,2,2,16,1,51,9,46,6,51
148,1,2,2,16,1,51,9,46,6,51
149,1,2,2,16,1,51,9,46,6,51
150,1,2,2,17,9,59,14,50,6,59
151,1,2,2,17,1,55,9,50,6,55
152,1,2,2,17,1,55,9,50,6,55
153,1,2,2,17,1,55,9,50,6,55
154,1,2,1,18,7,63,6,54,2,63
155,1,2,1,18,8,64,7,54,2,64
156,1,2,1,18,8,64,7,54,2,64
157,1,2,1,18,8,64,7,54,2,64
158,1,2,1,18,9,65,8,54,2,65
159,1,2,1,19,7,69,6,58,2,69
160,1,2,1,19,8,70,7,58,2,70
161,1,2,1,19,8,70,7,58,2,70
162,1,2,1,19,8,70,7,58,2,70
163,1,2,1,19,9,71,8,58,2,71
164,1,2,1,20,8,76,7,62,2,76
165,1,2,1,20,8,76,7,62,2,76
166,1,2,1,20,8,76,7,62,2,76
167,1,2,1,20,8,76,7,62,2,76
168,1,2,1,20,8,76,7,62,2,76
169,1,2,1,21,7,81,6,66,2,81
170,1,2,1,21,7,81,6,66,2,81
171,1,2,1,21,7,81,6,66,2,81
172,1,2,1,21,7,81,6,66,2,81
173,1,2,1,21,8,82,7,66,2,82
174,1,2,1,18,9,65,8,54,2,65
175,1,2,1,18,9,65,8,54,2,65
176,1,2,1,18,1,60,1,54,2,60
177,1,2,1,18,1,60,1,54,2,60
178,1,2,1,19,9,71,8,58,2,71
179,1,2,1,19,9,71,8,58,2,71
180,1,2,1,19,1,66,1,58,2,66
181,1,2,1,19,1,66,1,58,2,66
182,1,2,1,20,8,76,7,62,2,76
183,1,2,1,20,9,77,8,62,2,77
184,1,2,1,20,1,72,1,62,2,72
185,1,2,1,20,1,72,1,62,2,72
186,1,2,1,21,8,82,7,66,2,82
187,1,2,1,21,9,83,8,66,2,83
188,1,2,1,21,1,78,1,66,2,78
189,1,2,1,21,1,78,1,66,2,78
190,1,2,1,22,4,86,3,70,2,86
191,1,2,1,22,4,86,3,70,2,86
192,1,2,1,22,7,88,6,70,2,88
193,1,2,1,22,7,88,6,70,2,88
194,1,2,1,22,7,88,6,70,2,88
195,1,2,1,23,2,92,2,74,2,92
196,1,2,1,23,4,93,3,74,2,93
197,1,2,1,23,4,93,3,74,2,93
198,1,2,1,23,1,91,1,74,2,91
199,1,2,1,23,7,95,6,74,2,95
200,1,2,1,24,4,98,3,78,2,98
201,1,2,1,24,4,98,3,78,2,98
202,1,2,1,24,4,98,3,78,2,98
203,1,2,1,24,4,98,3,78,2,98
204,1,2,1,24,1,97,1,78,2,97
205,1,2,1,25,4,103,3,82,2,103
206,1,2,1,25,4,103,3,82,2,103
207,1,2,1,25,6,105,5,82,2,105
208,1,2,1,25,1,102,1,82,2,102
209,1,2,1,25,1,102,1,82,2,102
210,1,2,1,22,7,88,6,70,2,88
211,1,2,1,22,8,89,7,70,2,89
212,1,2,1,22,9,90,8,70,2,90
213,1,2,1,22,9,90,8,70,2,90
214,1,2,1,23,7,95,6,74,2,95
215,1,2,1,23,7,95,6,74,2,95
216,1,2,1,23,9,96,8,74,2,96
217,1,2,1,23,9,96,8,74,2,96
218,1,2,1,24,7,100,6,78,2,100
219,1,2,1,24,7,100,6,78,2,100
220,1,2,1,24,7,100,6,78,2,100
221,1,2,1,24,9,101,8,78,2,101
222,1,2,1,25,1,102,1,82,2,102
223,1,2,1,25,1,102,1,82,2,102
224,1,2,1,25,1,102,1,82,2,102
225,1,2,1,25,1,102,1,82,2,102
226,1,2,1,26,4,107,3,86,2,107
227,1,2,1,26,4,107,3,86,2,107
228,1,2,1,26,4,107,3,86,2,107
229,1,2,1,26,6,109,5,86,2,109
230,1,2,1,26,6,109,5,86,2,109
231,1,2,1,27,4,111,3,90,2,111
232,1,2,1,27,5,112,4,90,2,112
233,1,2,1,27,4,111,3,90,2,111
234,1,2,1,27,6,113,5,90,2,113
235,1,2,1,27,6,113,5,90,2,113
236,1,2,1,28,6,116,5,94,2,116
237,1,2,1,28,6,116,5,94,2,116
238,1,2,1,28,5,115,4,94,2,115
239,1,2,1,28,5,115,4,94,2,115
240,1,2,1,28,5,115,4,94,2,115
241,1,2,1,29,5,117,4,98,2,117
242,1,2,1,29,5,117,4,98,2,117
243,1,2,1,29,5,117,4,98,2,117
244,1,2,1,29,5,117,4,98,2,117
245,1,2,1,29,5,117,4,98,2,117
246,1,2,1,26,1,106,1,86,2,106
247,1,2,1,26,1,106,1,86,2,106
248,1,2,1,26,1,106,1,86,2,106
249,1,2,1,26,1,106,1,86,2,106
250,1,2,1,27,6,113,5,90,2,113
251,1,2,1,27,1,110,1,90,2,110
252,1,2,1,27,1,110,1,90,2,110
253,1,2,1,27,1,110,1,90,2,110
254,1,2,1,28,6,116,5,94,2,116
255,1,2,1,28,6,116,5,94,2,116
256,1,2,1,28,5,115,4,94,2,115
257,1,2,1,28,5,115,4,94,2,115
258,1,2,1,29,5,117,4,98,2,117
259,1,2,1,29,5,117,4,98,2,117
260,1,2,1,29,5,117,4,98,2,117
261,1,2,1,29,5,117,4,98,2,117
262,1,2,1,30,5,118,4,102,2,118
263,1,2,1,30,5,118,4,102,2,118
264,1,2,1,30,5,118,4,102,2,118
265,1,2,1,30,5,118,4,102,2,118
266,1,2,1,30,5,118,4,102,2,118
267,1,2,1,31,5,119,4,106,2,119
268,1,2,1,31,5,119,4,106,2,119
269,1,2,1,31,5,119,4,106,2,119
270,1,2,1,31,5,119,4,106,2,119
271,1,2,1,31,5,119,4,106,2,119
272,1,2,1,32,5,120,4,110,2,120
273,1,2,1,32,5,120,4,110,2,120
274,1,2,1,32,5,120,4,110,2,120
275,1,2,1,32,5,120,4,110,2,120
276,1,2,1,32,5,120,4,110,2,120
277,1,2,1,32,5,120,4,110,2,120
278,1,2,1,32,5,120,4,110,2,120
279,1,2,1,32,5,120,4,110,2,120
280,1,2,1,32,5,120,4,110,2,120
281,1,2,1,32,5,120,4,110,2,120
282,1,2,1,30,5,118,4,102,2,118
283,1,2,1,30,5,118,4,102,2,118
284,1,2,1,30,5,118,4,102,2,118
285,1,2,1,30,5,118,4,102,2,118
286,1,2,1,31,5,119,4,106,2,119
287,1,2,1,31,5,119,4,106,2,119
288,1,2,1,31,5,119,4,106,2,119
289,1,2,1,31,5,119,4,106,2,119
290,1,2,1,32,5,120,4,110,2,120
291,1,2,1,32,5,120,4,110,2,120
292,1,2,1,32,5,120,4,110,2,120
293,1,2,1,32,5,120,4,110,2,120
294,1,2,1,32,5,120,4,110,2,120
295,1,1,1,32,5,120,4,109,1,120
296,1,1,1,32,5,120,4,109,1,120
297,1,1,1,32,5,120,4,109,1,120
298,1,1,1,32,5,120,4,109,1,120
299,1,1,1,32,5,120,4,109,1,120
300,1,1,1,32,5,120,4,109,1,120
301,1,1,1,32,5,120,4,109,1,120
302,1,1,1,32,5,120,4,109,1,120
303,1,1,1,32,5,120,4,109,1,120
304,1,1,1,31,5,119,4,105,1,119
305,1,1,1,31,5,119,4,105,1,119
306,1,1,1,31,5,119,4,105,1,119
307,1,1,1,31,5,119,4,105,1,119
308,1,1,1,31,5,119,4,105,1,119
309,1,1,1,30,5,118,4,101,1,118
310,1,1,1,30,5,118,4,101,1,118
311,1,1,1,30,5,118,4,101,1,118
312,1,1,1,30,5,118,4,101,1,118
313,1,1,1,30,5,118,4,101,1,118
314,1,1,1,29,5,117,4,97,1,117
315,1,1,1,29,5,117,4,97,1,117
316,1,1,1,29,5,117,4,97,1,117
317,1,1,1,29,5,117,4,97,1,117
318,1,1,1,32,5,120,4,109,1,120
319,1,1,1,32,5,120,4,109,1,120
320,1,1,1,32,5,120,4,109,1,120
321,1,1,1,32,5,120,4,109,1,120
322,1,1,1,31,5,119,4,105,1,119
323,1,1,1,31,5,119,4,105,1,119
324,1,1,1,31,5,119,4,105,1,119
325,1,1,1,31,5,119,4,105,1,119
326,1,1,1,30,5,118,4,101,1,118
327,1,1,1,30,5,118,4,101,1,118
328,1,1,1,30,5,118,4,101,1,118
329,1,1,1,30,5,118,4,101,1,118
330,1,1,1,29,5,117,4,97,1,117
331,1,1,1,29,5,117,4,97,1,117
332,1,1,1,29,5,117,4,97,1,117
333,1,1,1,29,5,117,4,97,1,117
334,1,1,1,28,5,115,4,93,1,115
335,1,1,1,28,5,115,4,93,1,115
336,1,1,1,28,5,115,4,93,1,115
337,1,1,1,28,5,115,4,93,1,115
338,1,1,1,27,5,112,4,89,1,112
339,1,1,1,27,5,112,4,89,1,112
340,1,1,1,27,5,112,4,89,1,112
341,1,1,1,27,5,112,4,89,1,112
342,1,1,1,26,4,107,3,85,1,107
343,1,1,1,26,6,109,5,85,1,109
344,1,1,1,26,1,106,1,85,1,106
345,1,1,1,26,5,108,4,85,1,108
346,1,1,1,25,4,103,3,81,1,103
347,1,1,1,25,4,103,3,81,1,103
348,1,1,1,25,1,102,1,81,1,102
349,1,1,1,25,1,102,1,81,1,102
350,1,1,1,28,1,114,1,93,1,114
351,1,1,1,28,1,114,1,93,1,114
352,1,1,1,28,1,114,1,93,1,114
353,1,1,1,28,5,115,4,93,1,115
354,1,1,1,27,5,112,4,89,1,112
355,1,1,1,27,1,110,1,89,1,110
356,1,1,1,27,1,110,1,89,1,110
357,1,1,1,27,1,110,1,89,1,110
358,1,1,1,26,5,108,4,85,1,108
359,1,1,1,26,1,106,1,85,1,106
360,1,1,1,26,1,106,1,85,1,106
361,1,1,1,26,1,106,1,85,1,106
362,1,1,1,25,1,102,1,81,1,102
363,1,1,1,25,5,104,4,81,1,104
364,1,1,1,25,5,104,4,81,1,104
365,1,1,1,25,1,102,1,81,1,102
366,1,1,1,24,4,98,3,77,1,98
367,1,1,1,24,4,98,3,77,1,98
368,1,1,1,24,4,98,3,77,1,98
369,1,1,1,24,1,97,1,77,1,97
370,1,1,1,23,4,93,3,73,1,93
371,1,1,1,23,4,93,3,73,1,93
372,1,1,1,23,4,93,3,73,1,93
373,1,1,1,23,4,93,3,73,1,93
374,1,1,1,22,4,86,3,69,1,86
375,1,1,1,22,4,86,3,69,1,86
376,1,1,1,22,4,86,3,69,1,86
377,1,1,1,22,4,86,3,69,1,86
378,1,1,1,21,7,81,6,65,1,81
379,1,1,1,21,7,81,6,65,1,81
380,1,1,1,21,4,80,3,65,1,80
381,1,1,1,21,4,80,3,65,1,80
382,1,1,1,24,1,97,1,77,1,97
383,1,1,1,24,5,99,4,77,1,99
384,1,1,1,24,5,99,4,77,1,99
385,1,1,1,24,1,97,1,77,1,97
386,1,1,1,23,2,92,2,73,1,92
387,1,1,1,23,2,92,2,73,1,92
388,1,1,1,23,4,93,3,73,1,93
389,1,1,1,23,2,92,2,73,1,92
390,1,1,1,22,4,86,3,69,1,86
391,1,1,1,22,2,85,2,69,1,85
392,1,1,1,22,2,85,2,69,1,85
393,1,1,1,22,2,85,2,69,1,85
394,1,1,1,21,4,80,3,65,1,80
395,1,1,1,21,2,79,2,65,1,79
396,1,1,1,21,4,80,3,65,1,80
397,1,1,1,21,4,80,3,65,1,80
398,1,1,1,20,7,75,6,61,1,75
399,1,1,1,20,7,75,6,61,1,75
400,1,1,1,20,7,75,6,61,1,75
401,1,1,1,20,8,76,7,61,1,76
402,1,1,1,19,8,70,7,57,1,70
403,1,1,1,19,7,69,6,57,1,69
404,1,1,1,19,7,69,6,57,1,69
405,1,1,1,19,8,70,7,57,1,70
406,1,1,1,18,7,63,6,53,1,63
407,1,1,1,18,7,63,6,53,1,63
408,1,1,1,18,8,64,7,53,1,64
409,1,1,1,18,8,64,7,53,1,64
410,1,1,2,17,8,58,13,49,5,58
411,1,1,2,17,8,58,13,49,5,58
412,1,1,2,17,8,58,13,49,5,58
413,1,1,2,17,8,58,13,49,5,58
414,1,1,1,20,4,74,3,61,1,74
415,1,1,1,20,4,74,3,61,1,74
416,1,1,1,20,2,73,2,61,1,73
417,1,1,1,20,2,73,2,61,1,73
418,1,1,1,19,4,68,3,57,1,68
419,1,1,1,19,4,68,3,57,1,68
420,1,1,1,19,2,67,2,57,1,67
421,1,1,1,19,2,67,2,57,1,67
422,1,1,1,18,8,64,7,53,1,64
423,1,1,1,18,4,62,3,53,1,62
424,1,1,1,18,2,61,2,53,1,61
425,1,1,1,18,2,61,2,53,1,61
426,1,1,2,17,8,58,13,49,5,58
427,1,1,2,17,8,58,13,49,5,58
428,1,1,2,17,8,58,13,49,5,58
429,1,1,2,17,2,56,10,49,5,56
430,1,1,2,16,8,53,13,45,5,53
431,1,1,2,16,8,53,13,45,5,53
432,1,1,2,16,8,53,13,45,5,53
433,1,1,2,16,8,53,13,45,5,53
434,1,1,2,15,8,49,13,41,5,49
435,1,1,2,15,8,49,13,41,5,49
436,1,1,2,15,8,49,13,41,5,49
437,1,1,2,15,8,49,13,41,5,49
438,1,1,2,14,9,44,14,37,5,44
439,1,1,2,14,8,43,13,37,5,43
440,1,1,2,14,8,43,13,37,5,43
441,1,1,2,14,8,43,13,37,5,43
442,1,1,2,13,9,38,14,33,5,38
443,1,1,2,13,9,38,14,33,5,38
444,1,1,2,13,8,37,13,33,5,37
445,1,1,2,13,8,37,13,33,5,37
446,1,1,2,16,8,53,13,45,5,53
447,1,1,2,16,8,53,13,45,5,53
448,1,1,2,16,8,53,13,45,5,53
449,1,1,2,16,2,52,10,45,5,52
450,1,1,2,15,8,49,13,41,5,49
451,1,1,2,15,8,49,13,41,5,49
452,1,1,2,15,8,49,13,41,5,49
453,1,1,2,15,8,49,13,41,5,49
454,1,1,2,14,8,43,13,37,5,43
455,1,1,2,14,8,43,13,37,5,43
456,1,1,2,14,8,43,13,37,5,43
457,1,1,2,14,8,43,13,37,5,43
458,1,1,2,13,8,37,13,33,5,37
459,1,1,2,13,8,37,13,33,5,37
460,1,1,2,13,8,37,13,33,5,37
461,1,1,2,13,8,37,13,33,5,37
462,1,1,2,12,9,31,14,29,5,31
463,1,1,2,12,9,31,14,29,5,31
464,1,1,2,12,8,30,13,29,5,30
465,1,1,2,12,8,30,13,29,5,30
466,1,1,2,11,9,24,14,25,5,24
467,1,1,2,11,9,24,14,25,5,24
468,1,1,2,11,8,23,13,25,5,23
469,1,1,2,11,8,23,13,25,5,23
470,1,1,2,10,8,16,13,21,5,16
471,1,1,2,10,8,16,13,21,5,16
472,1,1,2,10,8,16,13,21,5,16
473,1,1,2,10,8,16,13,21,5,16
474,1,1,2,9,10,12,15,17,5,12
475,1,1,2,9,8,11,13,17,5,11
476,1,1,2,9,8,11,13,17,5,11
477,1,1,2,9,8,11,13,17,5,11
478,1,1,2,12,8,30,13,29,5,30
479,1,1,2,12,8,30,13,29,5,30
480,1,1,2,12,8,30,13,29,5,30
481,1,1,2,12,8,30,13,29,5,30
482,1,1,2,11,8,23,13,25,5,23
483,1,1,2,11,8,23,13,25,5,23
484,1,1,2,11,8,23,13,25,5,23
485,1,1,2,11,8,23,13,25,5,23
486,1,1,2,10,8,16,13,21,5,16
487,1,1,2,10,8,16,13,21,5,16
488,1,1,2,10,8,16,13,21,5,16
489,1,1,2,10,8,16,13,21,5,16
490,1,1,2,9,8,11,13,17,5,11
491,1,1,2,9,8,11,13,17,5,11
492,1,1,2,9,8,11,13,17,5,11
493,1,1,2,9,8,11,13,17,5,11
494,1,1,3,8,10,8,18,13,9,8
495,1,1,3,8,10,8,18,13,9,8
496,1,1,3,8,10,8,18,13,9,8
497,1,1,3,8,10,8,18,13,9,8
498,1,1,3,7,10,5,18,9,9,5
499,1,1,3,7,10,5,18,9,9,5
500,1,1,3,7,10,5,18,9,9,5
501,1,1,3,7,10,5,18,9,9,5
502,1,1,3,6,10,2,18,5,9,2
503,1,1,3,6,10,2,18,5,9,2
504,1,1,3,6,10,2,18,5,9,2
505,1,1,3,6,10,2,18,5,9,2
506,1,1,3,5,10,1,18,1,9,1
507,1,1,3,5,10,1,18,1,9,1
508,1,1,3,5,10,1,18,1,9,1
509,1,1,3,5,10,1,18,1,9,1
510,1,1,3,8,8,7,17,13,9,7
511,1,1,3,8,8,7,17,13,9,7
512,1,1,3,8,8,7,17,13,9,7
513,1,1,3,8,8,7,17,13,9,7
514,1,1,3,7,8,4,17,9,9,4
515,1,1,3,7,10,5,18,9,9,5
516,1,1,3,7,10,5,18,9,9,5
517,1,1,3,7,8,4,17,9,9,4
518,1,1,3,6,10,2,18,5,9,2
519,1,1,3,6,10,2,18,5,9,2
520,1,1,3,6,10,2,18,5,9,2
521,1,1,3,6,10,2,18,5,9,2
522,1,1,3,5,10,1,18,1,9,1
523,1,1,3,5,10,1,18,1,9,1
524,1,1,3,5,10,1,18,1,9,1
525,1,1,3,5,10,1,18,1,9,1
526,1,1,3,5,10,1,18,1,9,1
527,1,1,3,5,10,1,18,1,9,1
528,1,1,3,5,10,1,18,1,9,1
529,1,1,3,5,10,1,18,1,9,1
530,1,1,3,5,10,1,18,1,9,1
531,1,1,3,5,10,1,18,1,9,1
532,1,1,3,5,10,1,18,1,9,1
533,1,1,3,5,10,1,18,1,9,1
534,1,1,3,5,10,1,18,1,9,1
535,1,1,3,5,10,1,18,1,9,1
536,1,1,3,5,10,1,18,1,9,1
537,1,1,3,5,10,1,18,1,9,1
538,1,1,3,5,10,1,18,1,9,1
539,1,1,3,5,10,1,18,1,9,1
540,1,1,3,5,10,1,18,1,9,1
541,1,1,3,5,10,1,18,1,9,1
542,1,1,3,5,10,1,18,1,9,1
543,1,1,3,5,10,1,18,1,9,1
544,1,1,3,5,10,1,18,1,9,1
545,1,1,3,5,10,1,18,1,9,1
546,1,1,3,5,10,1,18,1,9,1
547,1,1,3,5,10,1,18,1,9,1
548,1,1,3,5,10,1,18,1,9,1
549,1,1,3,5,10,1,18,1,9,1
550,2,2,3,5,10,1,18,4,12,1
551,2,2,3,5,10,1,18,4,12,1
552,2,2,3,5,10,1,18,4,12,1
553,2,2,3,5,10,1,18,4,12,1
554,2,2,3,5,10,1,18,4,12,1
555,2,2,3,5,10,1,18,4,12,1
556,2,2,3,5,10,1,18,4,12,1
557,2,2,3,5,10,1,18,4,12,1
558,2,2,3,5,10,1,18,4,12,1
559,2,2,3,5,10,1,18,4,12,1
560,2,2,3,5,10,1,18,4,12,1
561,2,2,3,5,10,1,18,4,12,1
562,2,2,3,5,10,1,18,4,12,1
563,2,2,3,5,10,1,18,4,12,1
564,2,2,3,5,10,1,18,4,12,1
565,2,2,3,5,10,1,18,4,12,1
566,2,2,3,5,10,1,18,4,12,1
567,2,2,3,5,10,1,18,4,12,1
568,2,2,3,5,10,1,18,4,12,1
569,2,2,3,5,10,1,18,4,12,1
570,2,2,3,5,10,1,18,4,12,1
571,2,2,3,5,10,1,18,4,12,1
572,2,2,3,5,10,1,18,4,12,1
573,2,2,3,5,10,1,18,4,12,1
574,2,2,3,5,10,1,18,4,12,1
575,2,2,3,5,10,1,18,4,12,1
576,2,2,3,5,10,1,18,4,12,1
577,2,2,3,5,10,1,18,4,12,1
578,2,2,3,5,10,1,18,4,12,1
579,2,2,3,5,10,1,18,4,12,1
580,2,2,3,5,10,1,18,4,12,1
581,2,2,3,5,10,1,18,4,12,1
582,2,2,3,5,10,1,18,4,12,1
583,2,2,3,5,10,1,18,4,12,1
584,2,2,3,5,10,1,18,4,12,1
585,2,2,3,5,10,1,18,4,12,1
586,2,2,3,5,10,1,18,4,12,1
587,2,2,3,5,10,1,18,4,12,1
588,2,2,3,5,10,1,18,4,12,1
589,2,2,3,5,10,1,18,4,12,1
590,2,2,3,5,10,1,18,4,12,1
591,2,2,3,5,10,1,18,4,12,1
592,2,2,3,5,10,1,18,4,12,1
593,2,2,3,5,10,1,18,4,12,1
594,2,2,3,5,10,1,18,4,12,1
595,2,2,3,6,10,2,18,8,12,2
596,2,2,3,6,10,2,18,8,12,2
597,2,2,3,6,10,2,18,8,12,2
598,2,2,3,6,10,2,18,8,12,2
599,2,2,3,6,10,2,18,8,12,2
600,2,2,3,7,10,5,18,12,12,5
601,2,2,3,7,10,5,18,12,12,5
602,2,2,3,7,10,5,18,12,12,5
603,2,2,3,7,10,5,18,12,12,5
604,2,2,3,7,10,5,18,12,12,5
605,2,2,3,8,10,8,18,16,12,8
606,2,2,3,8,10,8,18,16,12,8
607,2,2,3,8,10,8,18,16,12,8
608,2,2,3,8,10,8,18,16,12,8
609,2,2,3,8,10,8,18,16,12,8
610,2,2,2,9,4,9,11,20,8,9
611,2,2,2,9,10,12,15,20,8,12
612,2,2,2,9,10,12,15,20,8,12
613,2,2,2,9,10,12,15,20,8,12
614,2,2,2,9,10,12,15,20,8,12
615,2,2,3,6,10,2,18,8,12,2
616,2,2,3,6,10,2,18,8,12,2
617,2,2,3,6,10,2,18,8,12,2
618,2,2,3,6,10,2,18,8,12,2
619,2,2,3,7,10,5,18,12,12,5
620,2,2,3,7,10,5,18,12,12,5
621,2,2,3,7,10,5,18,12,12,5
622,2,2,3,7,10,5,18,12,12,5
623,2,2,3,8,10,8,18,16,12,8
624,2,2,3,8,10,8,18,16,12,8
625,2,2,3,8,10,8,18,16,12,8
626,2,2,3,8,10,8,18,16,12,8
627,2,2,2,9,10,12,15,20,8,12
628,2,2,2,9,10,12,15,20,8,12
629,2,2,2,9,10,12,15,20,8,12
630,2,2,2,9,10,12,15,20,8,12
631,2,2,2,10,4,14,11,24,8,14
632,2,2,2,10,4,14,11,24,8,14
633,2,2,2,10,2,13,10,24,8,13
634,2,2,2,10,2,13,10,24,8,13
635,2,2,2,10,10,18,15,24,8,18
636,2,2,2,11,4,21,11,28,8,21
637,2,2,2,11,4,21,11,28,8,21
638,2,2,2,11,2,20,10,28,8,20
639,2,2,2,11,2,20,10,28,8,20
640,2,2,2,11,2,20,10,28,8,20
641,2,2,2,12,4,28,11,32,8,28
642,2,2,2,12,4,28,11,32,8,28
643,2,2,2,12,2,27,10,32,8,27
644,2,2,2,12,2,27,10,32,8,27
645,2,2,2,12,2,27,10,32,8,27
646,2,2,2,13,4,35,11,36,8,35
647,2,2,2,13,2,34,10,36,8,34
648,2,2,2,13,2,34,10,36,8,34
649,2,2,2,13,2,34,10,36,8,34
650,2,2,2,13,2,34,10,36,8,34
651,2,2,2,10,10,18,15,24,8,18
652,2,2,2,10,10,18,15,24,8,18
653,2,2,2,10,10,18,15,24,8,18
654,2,2,2,10,10,18,15,24,8,18
655,2,2,2,11,2,20,10,28,8,20
656,2,2,2,11,1,19,9,28,8,19
657,2,2,2,11,1,19,9,28,8,19
658,2,2,2,11,10,25,15,28,8,25
659,2,2,2,12,2,27,10,32,8,27
660,2,2,2,12,1,26,9,32,8,26
661,2,2,2,12,10,32,15,32,8,32
662,2,2,2,12,1,26,9,32,8,26
663,2,2,2,13,2,34,10,36,8,34
664,2,2,2,13,1,33,9,36,8,33
665,2,2,2,13,1,33,9,36,8,33
666,2,2,2,13,1,33,9,36,8,33
667,2,2,2,14,2,40,10,40,8,40
668,2,2,2,14,2,40,10,40,8,40
669,2,2,2,14,2,40,10,40,8,40
670,2,2,2,14,2,40,10,40,8,40
671,2,2,2,14,6,42,12,40,8,42
672,2,2,2,15,2,46,10,44,8,46
673,2,2,2,15,6,48,12,44,8,48
674,2,2,2,15,2,46,10,44,8,46
675,2,2,2,15,2,46,10,44,8,46
676,2,2,2,15,2,46,10,44,8,46
677,2,2,2,16,2,52,10,48,8,52
678,2,2,2,16,2,52,10,48,8,52
679,2,2,2,16,2,52,10,48,8,52
680,2,2,2,16,2,52,10,48,8,52
681,2,2,2,16,2,52,10,48,8,52
682,2,2,2,17,2,56,10,52,8,56
683,2,2,2,17,2,56,10,52,8,56
684,2,2,2,17,2,56,10,52,8,56
685,2,2,2,17,2,56,10,52,8,56
686,2,2,2,17,1,55,9,52,8,55
687,2,2,2,14,1,39,9,40,8,39
688,2,2,2,14,1,39,9,40,8,39
689,2,2,2,14,1,39,9,40,8,39
690,2,2,2,14,1,39,9,40,8,39
691,2,2,2,15,1,45,9,44,8,45
692,2,2,2,15,1,45,9,44,8,45
693,2,2,2,15,1,45,9,44,8,45
694,2,2,2,15,1,45,9,44,8,45
695,2,2,2,16,1,51,9,48,8,51
696,2,2,2,16,1,51,9,48,8,51
697,2,2,2,16,1,51,9,48,8,51
698,2,2,2,16,1,51,9,48,8,51
699,2,2,2,17,1,55,9,52,8,55
700,2,2,2,17,1,55,9,52,8,55
701,2,2,2,17,1,55,9,52,8,55
702,2,2,2,17,1,55,9,52,8,55
703,2,2,1,18,2,61,2,56,4,61
704,2,2,1,18,2,61,2,56,4,61
705,2,2,1,18,2,61,2,56,4,61
706,2,2,1,18,2,61,2,56,4,61
707,2,2,1,18,2,61,2,56,4,61
708,2,2,1,19,2,67,2,60,4,67
709,2,2,1,19,2,67,2,60,4,67
710,2,2,1,19,2,67,2,60,4,67
711,2,2,1,19,1,66,1,60,4,66
712,2,2,1,19,1,66,1,60,4,66
713,2,2,1,20,1,72,1,64,4,72
714,2,2,1,20,1,72,1,64,4,72
715,2,2,1,20,1,72,1,64,4,72
716,2,2,1,20,1,72,1,64,4,72
717,2,2,1,20,1,72,1,64,4,72
718,2,2,1,21,2,79,2,68,4,79
719,2,2,1,21,1,78,1,68,4,78
720,2,2,1,21,1,78,1,68,4,78
721,2,2,1,21,1,78,1,68,4,78
722,2,2,1,21,1,78,1,68,4,78
723,2,2,1,18,1,60,1,56,4,60
724,2,2,1,18,1,60,1,56,4,60
725,2,2,1,18,1,60,1,56,4,60
726,2,2,1,18,1,60,1,56,4,60
727,2,2,1,19,1,66,1,60,4,66
728,2,2,1,19,1,66,1,60,4,66
729,2,2,1,19,1,66,1,60,4,66
730,2,2,1,19,1,66,1,60,4,66
731,2,2,1,20,1,72,1,64,4,72
732,2,2,1,20,1,72,1,64,4,72
733,2,2,1,20,9,77,8,64,4,77
734,2,2,1,20,1,72,1,64,4,72
735,2,2,1,21,1,78,1,68,4,78
736,2,2,1,21,1,78,1,68,4,78
737,2,2,1,21,1,78,1,68,4,78
738,2,2,1,21,1,78,1,68,4,78
739,2,2,1,22,5,87,4,72,4,87
740,2,2,1,22,1,84,1,72,4,84
741,2,2,1,22,1,84,1,72,4,84
742,2,2,1,22,1,84,1,72,4,84
743,2,2,1,22,1,84,1,72,4,84
744,2,2,1,23,5,94,4,76,4,94
745,2,2,1,23,1,91,1,76,4,91
746,2,2,1,23,1,91,1,76,4,91
747,2,2,1,23,1,91,1,76,4,91
748,2,2,1,23,1,91,1,76,4,91
749,2,2,1,24,5,99,4,80,4,99
750,2,2,1,24,5,99,4,80,4,99
751,2,2,1,24,1,97,1,80,4,97
752,2,2,1,24,1,97,1,80,4,97
753,2,2,1,24,1,97,1,80,4,97
754,2,2,1,25,5,104,4,84,4,104
755,2,2,1,25,5,104,4,84,4,104
756,2,2,1,25,5,104,4,84,4,104
757,2,2,1,25,5,104,4,84,4,104
758,2,2,1,25,5,104,4,84,4,104
759,2,2,1,22,1,84,1,72,4,84
760,2,2,1,22,1,84,1,72,4,84
761,2,2,1,22,9,90,8,72,4,90
762,2,2,1,22,9,90,8,72,4,90
763,2,2,1,23,1,91,1,76,4,91
764,2,2,1,23,1,91,1,76,4,91
765,2,2,1,23,9,96,8,76,4,96
766,2,2,1,23,9,96,8,76,4,96
767,2,2,1,24,1,97,1,80,4,97
768,2,2,1,24,1,97,1,80,4,97
769,2,2,1,24,9,101,8,80,4,101
770,2,2,1,24,1,97,1,80,4,97
771,2,2,1,25,1,102,1,84,4,102
772,2,2,1,25,1,102,1,84,4,102
773,2,2,1,25,1,102,1,84,4,102
774,2,2,1,25,1,102,1,84,4,102
775,2,2,1,26,5,108,4,88,4,108
776,2,2,1,26,5,108,4,88,4,108
777,2,2,1,26,5,108,4,88,4,108
778,2,2,1,26,5,108,4,88,4,108
779,2,2,1,26,5,108,4,88,4,108
780,2,2,1,27,5,112,4,92,4,112
781,2,2,1,27,5,112,4,92,4,112
782,2,2,1,27,5,112,4,92,4,112
783,2,2,1,27,5,112,4,92,4,112
784,2,2,1,27,5,112,4,92,4,112
785,2,2,1,28,5,115,4,96,4,115
786,2,2,1,28,5,115,4,96,4,115
787,2,2,1,28,5,115,4,96,4,115
788,2,2,1,28,5,115,4,96,4,115
789,2,2,1,28,5,115,4,96,4,115
790,2,2,1,29,5,117,4,100,4,117
791,2,2,1,29,5,117,4,100,4,117
792,2,2,1,29,5,117,4,100,4,117
793,2,2,1,29,5,117,4,100,4,117
794,2,2,1,29,5,117,4,100,4,117
795,2,2,1,26,5,108,4,88,4,108
796,2,2,1,26,5,108,4,88,4,108
797,2,2,1,26,1,106,1,88,4,106
798,2,2,1,26,1,106,1,88,4,106
799,2,2,1,27,5,112,4,92,4,112
800,2,2,1,27,5,112,4,92,4,112
801,2,2,1,27,1,110,1,92,4,110
802,2,2,1,27,1,110,1,92,4,110
803,2,2,1,28,5,115,4,96,4,115
804,2,2,1,28,5,115,4,96,4,115
805,2,2,1,28,5,115,4,96,4,115
806,2,2,1,28,5,115,4,96,4,115
807,2,2,1,29,5,117,4,100,4,117
808,2,2,1,29,5,117,4,100,4,117
809,2,2,1,29,5,117,4,100,4,117
810,2,2,1,29,5,117,4,100,4,117
811,2,2,1,30,5,118,4,104,4,118
812,2,2,1,30,5,118,4,104,4,118
813,2,2,1,30,5,118,4,104,4,118
814,2,2,1,30,5,118,4,104,4,118
815,2,2,1,30,5,118,4,104,4,118
816,2,2,1,31,5,119,4,108,4,119
817,2,2,1,31,5,119,4,108,4,119
818,2,2,1,31,5,119,4,108,4,119
819,2,2,1,31,5,119,4,108,4,119
820,2,2,1,31,5,119,4,108,4,119
821,2,2,1,32,5,120,4,112,4,120
822,2,2,1,32,5,120,4,112,4,120
823,2,2,1,32,5,120,4,112,4,120
824,2,2,1,32,5,120,4,112,4,120
825,2,2,1,32,5,120,4,112,4,120
826,2,2,1,32,5,120,4,112,4,120
827,2,2,1,32,5,120,4,112,4,120
828,2,2,1,32,5,120,4,112,4,120
829,2,2,1,32,5,120,4,112,4,120
830,2,2,1,32,5,120,4,112,4,120
831,2,2,1,30,5,118,4,104,4,118
832,2,2,1,30,5,118,4,104,4,118
833,2,2,1,30,5,118,4,104,4,118
834,2,2,1,30,5,118,4,104,4,118
835,2,2,1,31,5,119,4,108,4,119
836,2,2,1,31,5,119,4,108,4,119
837,2,2,1,31,5,119,4,108,4,119
838,2,2,1,31,5,119,4,108,4,119
839,2,2,1,32,5,120,4,112,4,120
840,2,2,1,32,5,120,4,112,4,120
841,2,2,1,32,5,120,4,112,4,120
842,2,2,1,32,5,120,4,112,4,120
843,2,2,1,32,5,120,4,112,4,120
844,2,1,1,32,5,120,4,111,3,120
845,2,1,1,32,5,120,4,111,3,120
846,2,1,1,32,5,120,4,111,3,120
847,2,1,1,32,5,120,4,111,3,120
848,2,1,1,32,5,120,4,111,3,120
849,2,1,1,32,5,120,4,111,3,120
850,2,1,1,32,5,120,4,111,3,120
851,2,1,1,32,5,120,4,111,3,120
852,2,1,1,32,5,120,4,111,3,120
853,2,1,1,31,5,119,4,107,3,119
854,2,1,1,31,5,119,4,107,3,119
855,2,1,1,31,5,119,4,107,3,119
856,2,1,1,31,5,119,4,107,3,119
857,2,1,1,31,5,119,4,107,3,119
858,2,1,1,30,5,118,4,103,3,118
859,2,1,1,30,5,118,4,103,3,118
860,2,1,1,30,5,118,4,103,3,118
861,2,1,1,30,5,118,4,103,3,118
862,2,1,1,30,5,118,4,103,3,118
863,2,1,1,29,5,117,4,99,3,117
864,2,1,1,29,5,117,4,99,3,117
865,2,1,1,29,5,117,4,99,3,117
866,2,1,1,29,5,117,4,99,3,117
867,2,1,1,32,5,120,4,111,3,120
868,2,1,1,32,5,120,4,111,3,120
869,2,1,1,32,5,120,4,111,3,120
870,2,1,1,32,5,120,4,111,3,120
871,2,1,1,31,5,119,4,107,3,119
872,2,1,1,31,5,119,4,107,3,119
873,2,1,1,31,5,119,4,107,3,119
874,2,1,1,31,5,119,4,107,3,119
875,2,1,1,30,5,118,4,103,3,118
876,2,1,1,30,5,118,4,103,3,118
877,2,1,1,30,5,118,4,103,3,118
878,2,1,1,30,5,118,4,103,3,118
879,2,1,1,29,5,117,4,99,3,117
880,2,1,1,29,5,117,4,99,3,117
881,2,1,1,29,5,117,4,99,3,117
882,2,1,1,29,5,117,4,99,3,117
883,2,1,1,28,5,115,4,95,3,115
884,2,1,1,28,5,115,4,95,3,115
885,2,1,1,28,5,115,4,95,3,115
886,2,1,1,28,5,115,4,95,3,115
887,2,1,1,27,5,112,4,91,3,112
888,2,1,1,27,5,112,4,91,3,112
889,2,1,1,27,5,112,4,91,3,112
890,2,1,1,27,5,112,4,91,3,112
891,2,1,1,26,5,108,4,87,3,108
892,2,1,1,26,5,108,4,87,3,108
893,2,1,1,26,5,108,4,87,3,108
894,2,1,1,26,5,108,4,87,3,108
895,2,1,1,25,5,104,4,83,3,104
896,2,1,1,25,5,104,4,83,3,104
897,2,1,1,25,5,104,4,83,3,104
898,2,1,1,25,5,104,4,83,3,104
899,2,1,1,28,5,115,4,95,3,115
900,2,1,1,28,5,115,4,95,3,115
901,2,1,1,28,5,115,4,95,3,115
902,2,1,1,28,5,115,4,95,3,115
903,2,1,1,27,5,112,4,91,3,112
904,2,1,1,27,5,112,4,91,3,112
905,2,1,1,27,1,110,1,91,3,110
906,2,1,1,27,1,110,1,91,3,110
907,2,1,1,26,5,108,4,87,3,108
908,2,1,1,26,5,108,4,87,3,108
909,2,1,1,26,1,106,1,87,3,106
910,2,1,1,26,1,106,1,87,3,106
911,2,1,1,25,5,104,4,83,3,104
912,2,1,1,25,1,102,1,83,3,102
913,2,1,1,25,1,102,1,83,3,102
914,2,1,1,25,1,102,1,83,3,102
915,2,1,1,24,5,99,4,79,3,99
916,2,1,1,24,5,99,4,79,3,99
917,2,1,1,24,5,99,4,79,3,99
918,2,1,1,24,5,99,4,79,3,99
919,2,1,1,23,5,94,4,75,3,94
920,2,1,1,23,5,94,4,75,3,94
921,2,1,1,23,5,94,4,75,3,94
922,2,1,1,23,1,91,1,75,3,91
923,2,1,1,22,5,87,4,71,3,87
924,2,1,1,22,5,87,4,71,3,87
925,2,1,1,22,1,84,1,71,3,84
926,2,1,1,22,1,84,1,71,3,84
927,2,1,1,21,2,79,2,67,3,79
928,2,1,1,21,1,78,1,67,3,78
929,2,1,1,21,1,78,1,67,3,78
930,2,1,1,21,1,78,1,67,3,78
931,2,1,1,24,5,99,4,79,3,99
932,2,1,1,24,5,99,4,79,3,99
933,2,1,1,24,1,97,1,79,3,97
934,2,1,1,24,1,97,1,79,3,97
935,2,1,1,23,1,91,1,75,3,91
936,2,1,1,23,1,91,1,75,3,91
937,2,1,1,23,5,94,4,75,3,94
938,2,1,1,23,5,94,4,75,3,94
939,2,1,1,22,1,84,1,71,3,84
940,2,1,1,22,1,84,1,71,3,84
941,2,1,1,22,1,84,1,71,3,84
942,2,1,1,22,5,87,4,71,3,87
943,2,1,1,21,1,78,1,67,3,78
944,2,1,1,21,2,79,2,67,3,79
945,2,1,1,21,2,79,2,67,3,79
946,2,1,1,21,4,80,3,67,3,80
947,2,1,1,20,1,72,1,63,3,72
948,2,1,1,20,1,72,1,63,3,72
949,2,1,1,20,1,72,1,63,3,72
950,2,1,1,20,1,72,1,63,3,72
951,2,1,1,19,2,67,2,59,3,67
952,2,1,1,19,2,67,2,59,3,67
953,2,1,1,19,2,67,2,59,3,67
954,2,1,1,19,1,66,1,59,3,66
955,2,1,1,18,2,61,2,55,3,61
956,2,1,1,18,2,61,2,55,3,61
957,2,1,1,18,2,61,2,55,3,61
958,2,1,1,18,2,61,2,55,3,61
959,2,1,2,17,2,56,10,51,7,56
960,2,1,2,17,2,56,10,51,7,56
961,2,1,2,17,2,56,10,51,7,56
962,2,1,2,17,2,56,10,51,7,56
963,2,1,1,20,1,72,1,63,3,72
964,2,1,1,20,2,73,2,63,3,73
965,2,1,1,20,2,73,2,63,3,73
966,2,1,1,20,2,73,2,63,3,73
967,2,1,1,19,1,66,1,59,3,66
968,2,1,1,19,2,67,2,59,3,67
969,2,1,1,19,2,67,2,59,3,67
970,2,1,1,19,2,67,2,59,3,67
971,2,1,1,18,4,62,3,55,3,62
972,2,1,1,18,2,61,2,55,3,61
973,2,1,1,18,2,61,2,55,3,61
974,2,1,1,18,2,61,2,55,3,61
975,2,1,2,17,4,57,11,51,7,57
976,2,1,2,17,4,57,11,51,7,57
977,2,1,2,17,2,56,10,51,7,56
978,2,1,2,17,2,56,10,51,7,56
979,2,1,2,16,2,52,10,47,7,52
980,2,1,2,16,2,52,10,47,7,52
981,2,1,2,16,2,52,10,47,7,52
982,2,1,2,16,2,52,10,47,7,52
983,2,1,2,15,2,46,10,43,7,46
984,2,1,2,15,2,46,10,43,7,46
985,2,1,2,15,4,47,11,43,7,47
986,2,1,2,15,4,47,11,43,7,47
987,2,1,2,14,4,41,11,39,7,41
988,2,1,2,14,4,41,11,39,7,41
989,2,1,2,14,4,41,11,39,7,41
990,2,1,2,14,4,41,11,39,7,41
991,2,1,2,13,4,35,11,35,7,35
992,2,1,2,13,4,35,11,35,7,35
993,2,1,2,13,4,35,11,35,7,35
994,2,1,2,13,4,35,11,35,7,35
995,2,1,2,16,2,52,10,47,7,52
996,2,1,2,16,2,52,10,47,7,52
997,2,1,2,16,2,52,10,47,7,52
998,2,1,2,16,2,52,10,47,7,52
999,2,1,2,15,6,48,12,43,7,48
1000,2,1,2,15,6,48,12,43,7,48
1001,2,1,2,15,8,49,13,43,7,49
1002,2,1,2,15,8,49,13,43,7,49
1003,2,1,2,14,6,42,12,39,7,42
1004,2,1,2,14,8,43,13,39,7,43
1005,2,1,2,14,8,43,13,39,7,43
1006,2,1,2,14,8,43,13,39,7,43
1007,2,1,2,13,6,36,12,35,7,36
1008,2,1,2,13,8,37,13,35,7,37
1009,2,1,2,13,8,37,13,35,7,37
1010,2,1,2,13,8,37,13,35,7,37
1011,2,1,2,12,4,28,11,31,7,28
1012,2,1,2,12,6,29,12,31,7,29
1013,2,1,2,12,6,29,12,31,7,29
1014,2,1,2,12,8,30,13,31,7,30
1015,2,1,2,11,4,21,11,27,7,21
1016,2,1,2,11,6,22,12,27,7,22
1017,2,1,2,11,6,22,12,27,7,22
1018,2,1,2,11,6,22,12,27,7,22
1019,2,1,2,10,4,14,11,23,7,14
1020,2,1,2,10,4,14,11,23,7,14
1021,2,1,2,10,6,15,12,23,7,15
1022,2,1,2,10,6,15,12,23,7,15
1023,2,1,2,9,4,9,11,19,7,9
1024,2,1,2,9,4,9,11,19,7,9
1025,2,1,2,9,6,10,12,19,7,10
1026,2,1,2,9,6,10,12,19,7,10
1027,2,1,2,12,8,30,13,31,7,30
1028,2,1,2,12,8,30,13,31,7,30
1029,2,1,2,12,8,30,13,31,7,30
1030,2,1,2,12,8,30,13,31,7,30
1031,2,1,2,11,8,23,13,27,7,23
1032,2,1,2,11,8,23,13,27,7,23
1033,2,1,2,11,8,23,13,27,7,23
1034,2,1,2,11,8,23,13,27,7,23
1035,2,1,2,10,8,16,13,23,7,16
1036,2,1,2,10,8,16,13,23,7,16
1037,2,1,2,10,8,16,13,23,7,16
1038,2,1,2,10,8,16,13,23,7,16
1039,2,1,2,9,6,10,12,19,7,10
1040,2,1,2,9,8,11,13,19,7,11
1041,2,1,2,9,8,11,13,19,7,11
1042,2,1,2,9,8,11,13,19,7,11
1043,2,1,3,8,10,8,18,15,11,8
1044,2,1,3,8,10,8,18,15,11,8
1045,2,1,3,8,10,8,18,15,11,8
1046,2,1,3,8,6,6,16,15,11,6
1047,2,1,3,7,10,5,18,11,11,5
1048,2,1,3,7,10,5,18,11,11,5
1049,2,1,3,7,10,5,18,11,11,5
1050,2,1,3,7,10,5,18,11,11,5
1051,2,1,3,6,10,2,18,7,11,2
1052,2,1,3,6,10,2,18,7,11,2
1053,2,1,3,6,10,2,18,7,11,2
1054,2,1,3,6,10,2,18,7,11,2
1055,2,1,3,5,10,1,18,3,11,1
1056,2,1,3,5,10,1,18,3,11,1
1057,2,1,3,5,10,1,18,3,11,1
1058,2,1,3,5,10,1,18,3,11,1
1059,2,1,3,8,8,7,17,15,11,7
1060,2,1,3,8,8,7,17,15,11,7
1061,2,1,3,8,8,7,17,15,11,7
1062,2,1,3,8,8,7,17,15,11,7
1063,2,1,3,7,10,5,18,11,11,5
1064,2,1,3,7,8,4,17,11,11,4
1065,2,1,3,7,6,3,16,11,11,3
1066,2,1,3,7,8,4,17,11,11,4
1067,2,1,3,6,10,2,18,7,11,2
1068,2,1,3,6,10,2,18,7,11,2
1069,2,1,3,6,10,2,18,7,11,2
1070,2,1,3,6,10,2,18,7,11,2
1071,2,1,3,5,10,1,18,3,11,1
1072,2,1,3,5,10,1,18,3,11,1
1073,2,1,3,5,10,1,18,3,11,1
1074,2,1,3,5,10,1,18,3,11,1
1075,2,1,3,5,10,1,18,3,11,1
1076,2,1,3,5,10,1,18,3,11,1
1077,2,1,3,5,10,1,18,3,11,1
1078,2,1,3,5,10,1,18,3,11,1
1079,2,1,3,5,10,1,18,3,11,1
1080,2,1,3,5,10,1,18,3,11,1
1081,2,1,3,5,10,1,18,3,11,1
1082,2,1,3,5,10,1,18,3,11,1
1083,2,1,3,5,10,1,18,3,11,1
1084,2,1,3,5,10,1,18,3,11,1
1085,2,1,3,5,10,1,18,3,11,1
1086,2,1,3,5,10,1,18,3,11,1
1087,2,1,3,5,10,1,18,3,11,1
1088,2,1,3,5,10,1,18,3,11,1
1089,2,1,3,5,10,1,18,3,11,1
1090,2,1,3,5,10,1,18,3,11,1
1091,2,1,3,5,10,1,18,3,11,1
1092,2,1,3,5,10,1,18,3,11,1
1093,2,1,3,5,10,1,18,3,11,1
1094,2,1,3,5,10,1,18,3,11,1
1095,2,1,3,5,10,1,18,3,11,1
1096,2,1,3,5,10,1,18,3,11,1
1097,2,1,3,5,10,1,18,3,11,1
1098,2,1,3,5,10,1,18,3,11,1
